日付,曜,A,B,C,D,E,F,G,H,I,J,K,L,M
2022/7/1,金,1,1,1,11,11,11,1,1,1,21,2,,1
2022/7/2,土,,,,,,,,,,,,,
2022/7/3,日,,,,,,,,,,,,,
2022/7/4,月,2,21,,1,1,1,11,11,11,1,1,1,
2022/7/5,火,1,1,1,21,20,,1,1,1,11,11,11,25
2022/7/6,水,,,22,,,21,,,2,,,20,
2022/7/7,木,11,11,11,1,1,1,2,22,,1,1,1,23
2022/7/8,金,1,1,1,11,11,11,1,1,1,22,20,,1
2022/7/9,土,,,,,,,,,,,,,
2022/7/10,日,,,,,,,,,,,,,
2022/7/11,月,20,22,,1,1,1,11,11,11,1,1,1,
2022/7/12,火,1,1,1,22,2,,1,1,1,11,11,11,25
2022/7/13,水,,,2,,,22,,,20,,,21,
2022/7/14,木,11,11,11,1,1,1,21,20,,1,1,1,20
2022/7/15,金,1,1,1,11,11,11,1,1,1,2,21,,1
2022/7/16,土,,,,,,,,,,,,,
2022/7/17,日,,,,,,,,,,,,,
2022/7/18,月,21,2,,1,1,1,11,11,11,1,1,1,
2022/7/19,火,1,1,1,20,21,,1,1,1,11,11,11,25
2022/7/20,水,,,20,,,2,,,21,,,22,
2022/7/21,木,11,11,11,1,1,1,22,2,,1,1,1,23
2022/7/22,金,1,1,1,11,11,11,1,1,1,20,22,,1
2022/7/23,土,,,,,,,,,,,,,
2022/7/24,日,,,,,,,,,,,,,
2022/7/25,月,22,20,,1,1,1,11,11,11,1,1,1,
2022/7/26,火,1,1,1,2,22,,1,1,1,11,11,11,25
2022/7/27,水,,,21,,,20,,,22,,,2,24
2022/7/28,木,11,11,11,1,1,1,20,21,,1,1,1,2
2022/7/29,金,1,1,1,11,11,11,1,1,1,21,2,,1
2022/7/30,土,,,,,,,,,,,,,
2022/7/31,日,,,,,,,,,,,,,
2022/8/1,月,2,21,,1,1,1,11,11,11,1,1,1,
2022/8/2,火,1,1,1,21,20,,1,1,1,11,11,11,25
2022/8/3,水,,,22,,,21,,,2,,,20,
2022/8/4,木,11,11,11,1,1,1,2,22,,1,1,1,23
2022/8/5,金,1,1,1,11,11,11,1,1,1,22,20,,1
2022/8/6,土,,,,,,,,,,,,,
2022/8/7,日,,,,,,,,,,,,,
2022/8/8,月,20,22,,1,1,1,11,11,11,1,1,1,
2022/8/9,火,1,1,1,22,2,,1,1,1,11,11,11,25
2022/8/10,水,,,2,,,22,,,20,,,21,
2022/8/11,木,11,11,11,1,1,1,21,20,,1,1,1,20
2022/8/12,金,1,1,1,11,11,11,1,1,1,2,21,,1
2022/8/13,土,,,,,,,,,,,,,
2022/8/14,日,,,,,,,,,,,,,
2022/8/15,月,21,2,,1,1,1,11,11,11,1,1,1,
2022/8/16,火,1,1,1,20,21,,1,1,1,11,11,11,25
2022/8/17,水,,,20,,,2,,,21,,,22,
2022/8/18,木,11,11,11,1,1,1,22,2,,1,1,1,23
2022/8/19,金,1,1,1,11,11,11,1,1,1,20,22,,1
2022/8/20,土,,,,,,,,,,,,,
2022/8/21,日,,,,,,,,,,,,,
2022/8/22,月,22,20,,1,1,1,11,11,11,1,1,1,
2022/8/23,火,1,1,1,2,22,,1,1,1,11,11,11,25
2022/8/24,水,,,21,,,20,,,22,,,2,24
2022/8/25,木,11,11,11,1,1,1,20,21,,1,1,1,2
2022/8/26,金,1,1,1,11,11,11,1,1,1,21,2,,1
2022/8/27,土,,,,,,,,,,,,,
2022/8/28,日,,,,,,,,,,,,,
2022/8/29,月,2,21,,1,1,1,11,11,11,1,1,1,
2022/8/30,火,1,1,1,21,20,,1,1,1,11,11,11,25
2022/8/31,水,,,22,,,21,,,2,,,20,
2022/9/1,木,11,11,11,1,1,1,2,22,,1,1,1,23
2022/9/2,金,1,1,1,11,11,11,1,1,1,22,20,,1
2022/9/3,土,,,,,,,,,,,,,
2022/9/4,日,,,,,,,,,,,,,
2022/9/5,月,20,22,,1,1,1,11,11,11,1,1,1,
2022/9/6,火,1,1,1,22,2,,1,1,1,11,11,11,25
2022/9/7,水,,,2,,,22,,,20,,,21,
2022/9/8,木,11,11,11,1,1,1,21,20,,1,1,1,20
2022/9/9,金,1,1,1,11,11,11,1,1,1,2,21,,1
2022/9/10,土,,,,,,,,,,,,,
2022/9/11,日,,,,,,,,,,,,,
2022/9/12,月,21,2,,1,1,1,11,11,11,1,1,1,
2022/9/13,火,1,1,1,20,21,,1,1,1,11,11,11,25
2022/9/14,水,,,20,,,2,,,21,,,22,
2022/9/15,木,11,11,11,1,1,1,22,2,,1,1,1,23
2022/9/16,金,1,1,1,11,11,11,1,1,1,20,22,,1
2022/9/17,土,,,,,,,,,,,,,
2022/9/18,日,,,,,,,,,,,,,
2022/9/19,月,22,20,,1,1,1,11,11,11,1,1,1,
2022/9/20,火,1,1,1,2,22,,1,1,1,11,11,11,25
2022/9/21,水,,,21,,,20,,,22,,,2,
2022/9/22,木,11,11,11,1,1,1,20,21,,1,1,1,2
2022/9/23,金,,,,,,,,,,,,,
2022/9/24,土,,,,,,,,,,,,,
2022/9/25,日,,,,,,,,,,,,,
2022/9/26,月,2,21,,1,1,1,11,11,11,1,1,1,
2022/9/27,火,1,1,1,21,20,,1,1,1,11,11,11,25
2022/9/28,水,,,22,,,21,,,2,,,20,24
2022/9/29,木,11,11,11,1,1,1,2,22,,1,1,1,
2022/9/30,金,1,1,1,11,11,11,1,1,1,21,2,,1
2022/10/1,土,,,,,,,,,,,,,
2022/10/2,日,,,,,,,,,,,,,
2022/10/3,月,20,22,,1,1,1,11,11,11,1,1,1,
2022/10/4,火,1,1,1,22,2,,1,1,1,11,11,11,25
2022/10/5,水,,,2,,,22,,,20,,,21,
2022/10/6,木,11,11,11,1,1,1,21,20,,1,1,1,23
2022/10/7,金,1,1,1,11,11,11,1,1,1,22,20,,1
2022/10/8,土,,,,,,,,,,,,,
2022/10/9,日,,,,,,,,,,,,,
2022/10/10,月,,,,,,,,,,,,,
2022/10/11,火,1,1,1,20,21,,1,1,1,11,11,11,25
2022/10/12,水,,,20,,,2,,,21,,,22,
2022/10/13,木,11,11,11,1,1,1,22,2,,1,1,1,20
2022/10/14,金,1,1,1,11,11,11,1,1,1,2,21,,1
2022/10/15,土,,,,,,,,,,,,,
2022/10/16,日,,,,,,,,,,,,,
2022/10/17,月,21,2,,1,1,1,11,11,11,1,1,1,
2022/10/18,火,1,1,1,2,22,,1,1,1,11,11,11,25
2022/10/19,水,,,21,,,20,,,22,,,2,
2022/10/20,木,11,11,11,1,1,1,20,21,,1,1,1,23
2022/10/21,金,1,1,1,11,11,11,1,1,1,20,22,,1
2022/10/22,土,,,,,,,,,,,,,
2022/10/23,日,,,,,,,,,,,,,
2022/10/24,月,22,20,,1,1,1,11,11,11,1,1,1,
2022/10/25,火,1,1,1,21,20,,1,1,1,11,11,11,25
2022/10/26,水,,,22,,,21,,,2,,,20,24
2022/10/27,木,11,11,11,1,1,1,2,22,,1,1,1,2
2022/10/28,金,1,1,1,11,11,11,1,1,1,21,2,,1
2022/10/29,土,,,,,,,,,,,,,
2022/10/30,日,,,,,,,,,,,,,
2022/10/31,月,2,21,,1,1,1,11,11,11,1,1,1,
2022/11/1,火,1,1,1,22,2,,1,1,1,11,11,11,25
2022/11/2,水,,,2,,,22,,,20,,,21,
2022/11/3,木,11,11,11,1,1,1,21,20,,1,1,1,23
2022/11/4,金,1,1,1,11,11,11,1,1,1,22,20,,1
2022/11/5,土,,,,,,,,,,,,,
2022/11/6,日,,,,,,,,,,,,,
2022/11/7,月,20,22,,1,1,1,11,11,11,1,1,1,
2022/11/8,火,1,1,1,20,21,,1,1,1,11,11,11,25
2022/11/9,水,,,20,,,2,,,21,,,22,
2022/11/10,木,11,11,11,1,1,1,22,2,,1,1,1,20
2022/11/11,金,1,1,1,11,11,11,1,1,1,2,21,,1
2022/11/12,土,,,,,,,,,,,,,
2022/11/13,日,,,,,,,,,,,,,
2022/11/14,月,21,2,,1,1,1,11,11,11,1,1,1,
2022/11/15,火,1,1,1,2,22,,1,1,1,11,11,11,25
2022/11/16,水,,,21,,,20,,,22,,,2,
2022/11/17,木,11,11,11,1,1,1,20,21,,1,1,1,23
2022/11/18,金,1,1,1,11,11,11,1,1,1,20,22,,1
2022/11/19,土,,,,,,,,,,,,,
2022/11/20,日,,,,,,,,,,,,,
2022/11/21,月,22,20,,1,1,1,11,11,11,1,1,1,
2022/11/22,火,1,1,1,21,20,,1,1,1,11,11,11,25
2022/11/23,水,,,,,,,,,,,,,
2022/11/24,木,11,11,11,1,1,1,2,22,,1,1,1,2
2022/11/25,金,1,1,1,11,11,11,1,1,1,21,2,,1
2022/11/26,土,,,,,,,,,,,,,
2022/11/27,日,,,,,,,,,,,,,
2022/11/28,月,2,21,,1,1,1,11,11,11,1,1,1,
2022/11/29,火,1,1,1,22,2,,1,1,1,11,11,11,25
2022/11/30,水,,,22,,,21,,,2,,,20,24
2022/12/1,木,11,11,11,1,1,1,21,20,,1,1,1,23
2022/12/2,金,1,1,1,11,11,11,1,1,1,22,20,,1
2022/12/3,土,,,,,,,,,,,,,
2022/12/4,日,,,,,,,,,,,,,
2022/12/5,月,20,22,,1,1,1,11,11,11,1,1,1,
2022/12/6,火,1,1,1,20,21,,1,1,1,11,11,11,25
2022/12/7,水,,,2,,,22,,,20,,,21,
2022/12/8,木,11,11,11,1,1,1,22,2,,1,1,1,20
2022/12/9,金,1,1,1,11,11,11,1,1,1,2,21,,1
2022/12/10,土,,,,,,,,,,,,,
2022/12/11,日,,,,,,,,,,,,,
2022/12/12,月,21,2,,1,1,1,11,11,11,1,1,1,
2022/12/13,火,1,1,1,2,22,,1,1,1,11,11,11,25
2022/12/14,水,,,20,,,2,,,21,,,22,
2022/12/15,木,11,11,11,1,1,1,20,21,,1,1,1,23
2022/12/16,金,1,1,1,11,11,11,1,1,1,20,22,,1
2022/12/17,土,,,,,,,,,,,,,
2022/12/18,日,,,,,,,,,,,,,
2022/12/19,月,22,20,,1,1,1,11,11,11,1,1,1,
2022/12/20,火,1,1,1,21,20,,1,1,1,11,11,11,25
2022/12/21,水,,,21,,,20,,,22,,,2,
2022/12/22,木,11,11,11,1,1,1,2,22,,1,1,1,2
2022/12/23,金,1,1,1,11,11,11,1,1,1,21,2,,1
2022/12/24,土,,,,,,,,,,,,,
2022/12/25,日,,,,,,,,,,,,,
2022/12/26,月,2,21,,1,1,1,11,11,11,1,1,1,
2022/12/27,火,1,1,1,22,2,,1,1,1,11,11,11,25
2022/12/28,水,,,22,,,21,,,2,,,20,24
2022/12/29,木,,,,1,1,1,,,,1,1,1,
2022/12/30,金,1,1,1,,,,1,1,1,,,,1
2022/12/31,土,,,,,,,,,,,,,
2023/1/1,日,,,,,,,,,,,,,
2023/1/2,月,,,,,,,,,,,,,
2023/1/3,火,,,,,,,,,,,,,
2023/1/4,水,,,2,,,22,,,20,,,21,
2023/1/5,木,11,11,11,1,1,1,21,20,,1,1,1,23
2023/1/6,金,1,1,1,11,11,11,1,1,1,22,20,,1
2023/1/7,土,,,,,,,,,,,,,
2023/1/8,日,,,,,,,,,,,,,
2023/1/9,月,20,22,,1,1,1,11,11,11,1,1,1,
2023/1/10,火,1,1,1,20,21,,1,1,1,11,11,11,25
2023/1/11,水,,,20,,,2,,,21,,,22,
2023/1/12,木,11,11,11,1,1,1,22,2,,1,1,1,20
2023/1/13,金,1,1,1,11,11,11,1,1,1,2,21,,1
2023/1/14,土,,,,,,,,,,,,,
2023/1/15,日,,,,,,,,,,,,,
2023/1/16,月,21,2,,1,1,1,11,11,11,1,1,1,
2023/1/17,火,1,1,1,2,22,,1,1,1,11,11,11,25
2023/1/18,水,,,21,,,20,,,22,,,2,
2023/1/19,木,11,11,11,1,1,1,20,21,,1,1,1,23
2023/1/20,金,1,1,1,11,11,11,1,1,1,20,22,,1
2023/1/21,土,,,,,,,,,,,,,
2023/1/22,日,,,,,,,,,,,,,
2023/1/23,月,22,20,,1,1,1,11,11,11,1,1,1,
2023/1/24,火,1,1,1,21,20,,1,1,1,11,11,11,25
2023/1/25,水,,,22,,,21,,,2,,,20,24
2023/1/26,木,11,11,11,1,1,1,2,22,,1,1,1,2
2023/1/27,金,1,1,1,11,11,11,1,1,1,21,2,,1
2023/1/28,土,,,,,,,,,,,,,
2023/1/29,日,,,,,,,,,,,,,
2023/1/30,月,2,21,,1,1,1,11,11,11,1,1,1,
2023/1/31,火,1,1,1,22,2,,1,1,1,11,11,11,25
2023/2/1,水,,,2,,,22,,,20,,,21,
2023/2/2,木,11,11,11,1,1,1,21,20,,1,1,1,23
2023/2/3,金,1,1,1,11,11,11,1,1,1,22,20,,1
2023/2/4,土,,,,,,,,,,,,,
2023/2/5,日,,,,,,,,,,,,,
2023/2/6,月,20,22,,1,1,1,11,11,11,1,1,1,
2023/2/7,火,1,1,1,20,21,,1,1,1,11,11,11,25
2023/2/8,水,,,20,,,2,,,21,,,22,
2023/2/9,木,11,11,11,1,1,1,22,2,,1,1,1,20
2023/2/10,金,1,1,1,11,11,11,1,1,1,2,21,,1
2023/2/11,土,,,,,,,,,,,,,
2023/2/12,日,,,,,,,,,,,,,
2023/2/13,月,21,2,,1,1,1,11,11,11,1,1,1,
2023/2/14,火,1,1,1,2,22,,1,1,1,11,11,11,25
2023/2/15,水,,,21,,,20,,,22,,,2,
2023/2/16,木,11,11,11,1,1,1,20,21,,1,1,1,23
2023/2/17,金,1,1,1,11,11,11,1,1,1,20,22,,1
2023/2/18,土,,,,,,,,,,,,,
2023/2/19,日,,,,,,,,,,,,,
2023/2/20,月,22,20,,1,1,1,11,11,11,1,1,1,
2023/2/21,火,1,1,1,21,20,,1,1,1,11,11,11,25
2023/2/22,水,,,22,,,21,,,2,,,20,24
2023/2/23,木,11,11,11,1,1,1,2,22,,1,1,1,2
2023/2/24,金,1,1,1,11,11,11,1,1,1,21,2,,1
2023/2/25,土,,,,,,,,,,,,,
2023/2/26,日,,,,,,,,,,,,,
2023/2/27,月,2,21,,1,1,1,11,11,11,1,1,1,
2023/2/28,火,1,1,1,22,2,,1,1,1,11,11,11,25
2023/3/1,水,,,2,,,22,,,20,,,21,
2023/3/2,木,11,11,11,1,1,1,21,20,,1,1,1,23
2023/3/3,金,1,1,1,11,11,11,1,1,1,22,20,,1
2023/3/4,土,,,,,,,,,,,,,
2023/3/5,日,,,,,,,,,,,,,
2023/3/6,月,20,22,,1,1,1,11,11,11,1,1,1,
2023/3/7,火,1,1,1,20,21,,1,1,1,11,11,11,25
2023/3/8,水,,,20,,,2,,,21,,,22,
2023/3/9,木,11,11,11,1,1,1,22,2,,1,1,1,20
2023/3/10,金,1,1,1,11,11,11,1,1,1,2,21,,1
2023/3/11,土,,,,,,,,,,,,,
2023/3/12,日,,,,,,,,,,,,,
2023/3/13,月,21,2,,1,1,1,11,11,11,1,1,1,
2023/3/14,火,1,1,1,2,22,,1,1,1,11,11,11,25
2023/3/15,水,,,21,,,20,,,22,,,2,
2023/3/16,木,11,11,11,1,1,1,20,21,,1,1,1,23
2023/3/17,金,1,1,1,11,11,11,1,1,1,20,22,,1
2023/3/18,土,,,,,,,,,,,,,
2023/3/19,日,,,,,,,,,,,,,
2023/3/20,月,22,20,,1,1,1,11,11,11,1,1,1,
2023/3/21,火,,,,,,,,,,,,,
2023/3/22,水,,,22,,,21,,,2,,,20,24
2023/3/23,木,11,11,11,1,1,1,2,22,,1,1,1,2
2023/3/24,金,1,1,1,11,11,11,1,1,1,21,2,,1
2023/3/25,土,,,,,,,,,,,,,
2023/3/26,日,,,,,,,,,,,,,
2023/3/27,月,2,21,,1,1,1,11,11,11,1,1,1,
2023/3/28,火,1,1,1,21,20,,1,1,1,11,11,11,25
2023/3/29,水,,,2,,,22,,,20,,,21,
2023/3/30,木,11,11,11,1,1,1,21,20,,1,1,1,
2023/3/31,金,1,1,1,11,11,11,1,1,1,22,20,,1
2023/4/1,土,,,,,,,,,,,,,
2023/4/2,日,,,,,,,,,,,,,
2023/4/3,月,20,22,,1,1,1,11,11,11,1,1,1,
2023/4/4,火,1,1,1,22,2,,1,1,1,11,11,11,25
2023/4/5,水,,,20,,,2,,,21,,,22,
2023/4/6,木,11,11,11,1,1,1,22,2,,1,1,1,23
2023/4/7,金,1,1,1,11,11,11,1,1,1,2,21,,1
2023/4/8,土,,,,,,,,,,,,,
2023/4/9,日,,,,,,,,,,,,,
2023/4/10,月,21,2,,1,1,1,11,11,11,1,1,1,
2023/4/11,火,1,1,1,20,21,,1,1,1,11,11,11,25
2023/4/12,水,,,21,,,20,,,22,,,2,
2023/4/13,木,11,11,11,1,1,1,20,21,,1,1,1,20
2023/4/14,金,1,1,1,11,11,11,1,1,1,20,22,,1
2023/4/15,土,,,,,,,,,,,,,
2023/4/16,日,,,,,,,,,,,,,
2023/4/17,月,22,20,,1,1,1,11,11,11,1,1,1,
2023/4/18,火,1,1,1,2,22,,1,1,1,11,11,11,25
2023/4/19,水,,,22,,,21,,,2,,,20,
2023/4/20,木,11,11,11,1,1,1,2,22,,1,1,1,23
2023/4/21,金,1,1,1,11,11,11,1,1,1,21,2,,1
2023/4/22,土,,,,,,,,,,,,,
2023/4/23,日,,,,,,,,,,,,,
2023/4/24,月,2,21,,1,1,1,11,11,11,1,1,1,
2023/4/25,火,1,1,1,21,20,,1,1,1,11,11,11,25
2023/4/26,水,,,2,,,22,,,20,,,21,24
2023/4/27,木,11,11,11,1,1,1,21,20,,1,1,1,2
2023/4/28,金,1,1,1,11,11,11,1,1,1,22,20,,1
2023/4/29,土,,,,,,,,,,,,,
2023/4/30,日,,,,,,,,,,,,,
2023/5/1,月,20,22,,1,1,1,11,11,11,1,1,1,
2023/5/2,火,1,1,1,22,2,,1,1,1,11,11,11,25
2023/5/3,水,,,,,,,,,,,,,
2023/5/4,木,,,,,,,,,,,,,
2023/5/5,金,,,,,,,,,,,,,
2023/5/6,土,,,,,,,,,,,,,
2023/5/7,日,,,,,,,,,,,,,
2023/5/8,月,21,2,,1,1,1,11,11,11,1,1,1,
2023/5/9,火,1,1,1,20,21,,1,1,1,11,11,11,25
2023/5/10,水,,,20,,,2,,,21,,,22,
2023/5/11,木,11,11,11,1,1,1,22,2,,1,1,1,23
2023/5/12,金,1,1,1,11,11,11,1,1,1,2,21,,1
2023/5/13,土,,,,,,,,,,,,,
2023/5/14,日,,,,,,,,,,,,,
2023/5/15,月,22,20,,1,1,1,11,11,11,1,1,1,
2023/5/16,火,1,1,1,2,22,,1,1,1,11,11,11,25
2023/5/17,水,,,21,,,20,,,22,,,2,
2023/5/18,木,11,11,11,1,1,1,20,21,,1,1,1,20
2023/5/19,金,1,1,1,11,11,11,1,1,1,20,22,,1
2023/5/20,土,,,,,,,,,,,,,
2023/5/21,日,,,,,,,,,,,,,
2023/5/22,月,2,21,,1,1,1,11,11,11,1,1,1,
2023/5/23,火,1,1,1,21,20,,1,1,1,11,11,11,25
2023/5/24,水,,,22,,,21,,,2,,,20,24
2023/5/25,木,11,11,11,1,1,1,2,22,,1,1,1,23
2023/5/26,金,1,1,1,11,11,11,1,1,1,21,2,,1
2023/5/27,土,,,,,,,,,,,,,
2023/5/28,日,,,,,,,,,,,,,
2023/5/29,月,20,22,,1,1,1,11,11,11,1,1,1,
2023/5/30,火,1,1,1,22,2,,1,1,1,11,11,11,25
2023/5/31,水,,,2,,,22,,,20,,,21,
2023/6/1,木,11,11,11,1,1,1,21,20,,1,1,1,2
2023/6/2,金,1,1,1,11,11,11,1,1,1,22,20,,1
2023/6/3,土,,,,,,,,,,,,,
2023/6/4,日,,,,,,,,,,,,,
2023/6/5,月,21,2,,1,1,1,11,11,11,1,1,1,
2023/6/6,火,1,1,1,20,21,,1,1,1,11,11,11,25
2023/6/7,水,,,20,,,2,,,21,,,22,
2023/6/8,木,11,11,11,1,1,1,22,2,,1,1,1,23
2023/6/9,金,1,1,1,11,11,11,1,1,1,2,21,,1
2023/6/10,土,,,,,,,,,,,,,
2023/6/11,日,,,,,,,,,,,,,
2023/6/12,月,22,20,,1,1,1,11,11,11,1,1,1,
2023/6/13,火,1,1,1,2,22,,1,1,1,11,11,11,25
2023/6/14,水,,,21,,,20,,,22,,,2,
2023/6/15,木,11,11,11,1,1,1,20,21,,1,1,1,20
2023/6/16,金,1,1,1,11,11,11,1,1,1,20,22,,1
2023/6/17,土,,,,,,,,,,,,,
2023/6/18,日,,,,,,,,,,,,,
2023/6/19,月,2,21,,1,1,1,11,11,11,1,1,1,
2023/6/20,火,1,1,1,21,20,,1,1,1,11,11,11,25
2023/6/21,水,,,22,,,21,,,2,,,20,
2023/6/22,木,11,11,11,1,1,1,2,22,,1,1,1,23
2023/6/23,金,1,1,1,11,11,11,1,1,1,21,2,,1
2023/6/24,土,,,,,,,,,,,,,
2023/6/25,日,,,,,,,,,,,,,
2023/6/26,月,20,22,,1,1,1,11,11,11,1,1,1,
2023/6/27,火,1,1,1,22,2,,1,1,1,11,11,11,25
2023/6/28,水,,,2,,,22,,,20,,,21,24
2023/6/29,木,11,11,11,1,1,1,21,20,,1,1,1,2
2023/6/30,金,1,1,1,11,11,11,1,1,1,22,20,,1
2023/7/1,土,,,,,,,,,,,,,
2023/7/2,日,,,,,,,,,,,,,
2023/7/3,月,21,2,,1,1,1,11,11,11,1,1,1,
2023/7/4,火,1,1,1,20,21,,1,1,1,11,11,11,25
2023/7/5,水,,,20,,,2,,,21,,,22,
2023/7/6,木,11,11,11,1,1,1,22,2,,1,1,1,23
2023/7/7,金,1,1,1,11,11,11,1,1,1,2,21,,1
2023/7/8,土,,,,,,,,,,,,,
2023/7/9,日,,,,,,,,,,,,,
2023/7/10,月,22,20,,1,1,1,11,11,11,1,1,1,
2023/7/11,火,1,1,1,2,22,,1,1,1,11,11,11,25
2023/7/12,水,,,21,,,20,,,22,,,2,
2023/7/13,木,11,11,11,1,1,1,20,21,,1,1,1,20
2023/7/14,金,1,1,1,11,11,11,1,1,1,20,22,,1
2023/7/15,土,,,,,,,,,,,,,
2023/7/16,日,,,,,,,,,,,,,
2023/7/17,月,2,21,,1,1,1,11,11,11,1,1,1,
2023/7/18,火,1,1,1,21,20,,1,1,1,11,11,11,25
2023/7/19,水,,,22,,,21,,,2,,,20,
2023/7/20,木,11,11,11,1,1,1,2,22,,1,1,1,23
2023/7/21,金,1,1,1,11,11,11,1,1,1,21,2,,1
2023/7/22,土,,,,,,,,,,,,,
2023/7/23,日,,,,,,,,,,,,,
2023/7/24,月,20,22,,1,1,1,11,11,11,1,1,1,
2023/7/25,火,1,1,1,22,2,,1,1,1,11,11,11,25
2023/7/26,水,,,2,,,22,,,20,,,21,24
2023/7/27,木,11,11,11,1,1,1,21,20,,1,1,1,2
2023/7/28,金,1,1,1,11,11,11,1,1,1,22,20,,1
2023/7/29,土,,,,,,,,,,,,,
2023/7/30,日,,,,,,,,,,,,,
2023/7/31,月,21,2,,1,1,1,11,11,11,1,1,1,
2023/8/1,火,1,1,1,20,21,,1,1,1,11,11,11,25
2023/8/2,水,,,20,,,2,,,21,,,22,
2023/8/3,木,11,11,11,1,1,1,22,2,,1,1,1,23
2023/8/4,金,1,1,1,11,11,11,1,1,1,2,21,,1
2023/8/5,土,,,,,,,,,,,,,
2023/8/6,日,,,,,,,,,,,,,
2023/8/7,月,22,20,,1,1,1,11,11,11,1,1,1,
2023/8/8,火,1,1,1,2,22,,1,1,1,11,11,11,25
2023/8/9,水,,,21,,,20,,,22,,,2,
2023/8/10,木,11,11,11,1,1,1,20,21,,1,1,1,20
2023/8/11,金,1,1,1,11,11,11,1,1,1,20,22,,1
2023/8/12,土,,,,,,,,,,,,,
2023/8/13,日,,,,,,,,,,,,,
2023/8/14,月,2,21,,1,1,1,11,11,11,1,1,1,
2023/8/15,火,1,1,1,21,20,,1,1,1,11,11,11,25
2023/8/16,水,,,22,,,21,,,2,,,20,
2023/8/17,木,11,11,11,1,1,1,2,22,,1,1,1,23
2023/8/18,金,1,1,1,11,11,11,1,1,1,21,2,,1
2023/8/19,土,,,,,,,,,,,,,
2023/8/20,日,,,,,,,,,,,,,
2023/8/21,月,20,22,,1,1,1,11,11,11,1,1,1,
2023/8/22,火,1,1,1,22,2,,1,1,1,11,11,11,25
2023/8/23,水,,,2,,,22,,,20,,,21,24
2023/8/24,木,11,11,11,1,1,1,21,20,,1,1,1,2
2023/8/25,金,1,1,1,11,11,11,1,1,1,22,20,,1
2023/8/26,土,,,,,,,,,,,,,
2023/8/27,日,,,,,,,,,,,,,
2023/8/28,月,21,2,,1,1,1,11,11,11,1,1,1,
2023/8/29,火,1,1,1,20,21,,1,1,1,11,11,11,25
2023/8/30,水,,,20,,,2,,,21,,,22,
2023/8/31,木,11,11,11,1,1,1,22,2,,1,1,1,
2023/9/1,金,1,1,1,11,11,11,1,1,1,2,21,,1
2023/9/2,土,,,,,,,,,,,,,
2023/9/3,日,,,,,,,,,,,,,
2023/9/4,月,22,20,,1,1,1,11,11,11,1,1,1,
2023/9/5,火,1,1,1,2,22,,1,1,1,11,11,11,25
2023/9/6,水,,,21,,,20,,,22,,,2,
2023/9/7,木,11,11,11,1,1,1,20,21,,1,1,1,23
2023/9/8,金,1,1,1,11,11,11,1,1,1,20,22,,1
2023/9/9,土,,,,,,,,,,,,,
2023/9/10,日,,,,,,,,,,,,,
2023/9/11,月,2,21,,1,1,1,11,11,11,1,1,1,
2023/9/12,火,1,1,1,21,20,,1,1,1,11,11,11,25
2023/9/13,水,,,22,,,21,,,2,,,20,
2023/9/14,木,11,11,11,1,1,1,2,22,,1,1,1,20
2023/9/15,金,1,1,1,11,11,11,1,1,1,21,2,,1
2023/9/16,土,,,,,,,,,,,,,
2023/9/17,日,,,,,,,,,,,,,
2023/9/18,月,20,22,,1,1,1,11,11,11,1,1,1,
2023/9/19,火,1,1,1,22,2,,1,1,1,11,11,11,25
2023/9/20,水,,,2,,,22,,,20,,,21,
2023/9/21,木,11,11,11,1,1,1,21,20,,1,1,1,23
2023/9/22,金,1,1,1,11,11,11,1,1,1,22,20,,1
2023/9/23,土,,,,,,,,,,,,,
2023/9/24,日,,,,,,,,,,,,,
2023/9/25,月,21,2,,1,1,1,11,11,11,1,1,1,
2023/9/26,火,1,1,1,20,21,,1,1,1,11,11,11,25
2023/9/27,水,,,20,,,2,,,21,,,22,24
2023/9/28,木,11,11,11,1,1,1,22,2,,1,1,1,2
2023/9/29,金,1,1,1,11,11,11,1,1,1,2,21,,1
2023/9/30,土,,,,,,,,,,,,,
2023/10/1,日,,,,,,,,,,,,,
2023/10/2,月,22,20,,1,1,1,11,11,11,1,1,1,
2023/10/3,火,1,1,1,2,22,,1,1,1,11,11,11,25
2023/10/4,水,,,21,,,20,,,22,,,2,
2023/10/5,木,11,11,11,1,1,1,20,21,,1,1,1,23
2023/10/6,金,1,1,1,11,11,11,1,1,1,20,22,,1
2023/10/7,土,,,,,,,,,,,,,
2023/10/8,日,,,,,,,,,,,,,
2023/10/9,月,,21,,1,1,1,11,11,11,1,1,1,
2023/10/10,火,1,1,1,21,20,,1,1,1,11,11,11,25
2023/10/11,水,,,22,,,21,,,2,,,20,
2023/10/12,木,11,11,11,1,1,1,2,22,,1,1,1,20
2023/10/13,金,1,1,1,11,11,11,1,1,1,21,2,,1
2023/10/14,土,,,,,,,,,,,,,
2023/10/15,日,,,,,,,,,,,,,
2023/10/16,月,2,22,,1,1,1,11,11,11,1,1,1,
2023/10/17,火,1,1,1,22,1,,1,1,1,11,11,11,25
2023/10/18,水,,,2,,,22,,,20,,,21,
2023/10/19,木,11,11,11,1,1,1,21,20,,1,1,1,23
2023/10/20,金,1,1,1,11,11,11,1,1,1,22,20,,1
2023/10/21,土,,,,,,,,,,,,,
2023/10/22,日,,,,,,,,,,,,,
2023/10/23,月,20,2,,1,1,1,11,11,11,1,1,1,
2023/10/24,火,1,1,1,20,21,,1,1,1,11,11,11,25
2023/10/25,水,,,20,,,2,,,21,,,22,24
2023/10/26,木,11,11,11,1,1,1,22,2,,1,1,1,2
2023/10/27,金,1,1,1,11,11,11,1,1,1,2,21,,1
2023/10/28,土,,,,,,,,,,,,,
2023/10/29,日,,,,,,,,,,,,,
2023/10/30,月,21,20,,1,1,1,11,11,11,1,1,1,
2023/10/31,火,1,1,1,2,22,,1,1,1,11,11,11,25
2023/11/1,水,,,21,,,20,,,22,,,2,
2023/11/2,木,11,11,11,1,1,1,20,21,,1,1,1,23
2023/11/3,金,,,,,,,,,,,,,
2023/11/4,土,,,,,,,,,,,,,
2023/11/5,日,,,,,,,,,,,,,
2023/11/6,月,22,21,,1,1,1,11,11,11,1,1,1,
2023/11/7,火,1,1,1,21,20,,1,1,1,11,11,11,25
2023/11/8,水,,,22,,,21,,,2,,,20,
2023/11/9,木,11,11,11,1,1,1,2,22,,1,1,1,20
2023/11/10,金,1,1,1,11,11,11,1,1,1,20,22,,1
2023/11/11,土,,,,,,,,,,,,,
2023/11/12,日,,,,,,,,,,,,,
2023/11/13,月,22,22,,1,1,1,11,11,11,1,1,1,
2023/11/14,火,1,1,1,22,2,,1,1,1,11,11,11,25
2023/11/15,水,,,2,,,22,,,20,,,21,
2023/11/16,木,11,11,11,1,1,1,21,20,,1,1,1,23
2023/11/17,金,1,1,1,11,11,11,1,1,1,21,2,,1
2023/11/18,土,,,,,,,,,,,,,
2023/11/19,日,,,,,,,,,,,,,
2023/11/20,月,20,2,,1,1,1,11,11,11,1,1,1,
2023/11/21,火,1,1,1,20,21,,1,1,1,11,11,11,25
2023/11/22,水,,,20,,,2,,,21,,,22,24
2023/11/23,木,11,11,11,1,1,1,22,,,1,1,1,
2023/11/24,金,1,1,1,11,11,11,1,1,1,22,20,,1
2023/11/25,土,,,,,,,,,,,,,
2023/11/26,日,,,,,,,,,,,,,
2023/11/27,月,21,20,,1,1,1,11,11,11,1,1,1,
2023/11/28,火,1,1,1,2,22,,1,1,1,11,11,11,25
2023/11/29,水,,,21,,,20,,,22,,,2,
2023/11/30,木,11,11,11,1,1,1,20,2,,1,1,1,2
2023/12/1,金,1,1,1,11,11,11,1,1,1,2,21,,1
2023/12/2,土,,,,,,,,,,,,,
2023/12/3,日,,,,,,,,,,,,,
2023/12/4,月,22,21,,1,1,1,11,11,11,1,1,1,
2023/12/5,火,1,1,1,21,20,,1,1,1,11,11,11,25
2023/12/6,水,,,22,,,21,,,2,,,20,
2023/12/7,木,11,11,11,1,1,1,2,21,,1,1,1,23
2023/12/8,金,1,1,1,11,11,11,1,1,1,20,22,,1
2023/12/9,土,,,,,,,,,,,,,
2023/12/10,日,,,,,,,,,,,,,
2023/12/11,月,2,22,,1,1,1,11,11,11,1,1,1,
2023/12/12,火,1,1,1,22,2,,1,1,1,11,11,11,25
2023/12/13,水,,,2,,,22,,,20,,,21,
2023/12/14,木,11,11,11,1,1,1,21,22,,1,1,1,20
2023/12/15,金,1,1,1,11,11,11,1,1,1,21,2,,1
2023/12/16,土,,,,,,,,,,,,,
2023/12/17,日,,,,,,,,,,,,,
2023/12/18,月,20,2,,1,1,1,11,11,11,1,1,1,
2023/12/19,火,1,1,1,20,21,,1,1,1,11,11,11,25
2023/12/20,水,,,20,,,2,,,21,,,22,
2023/12/21,木,11,11,11,1,1,1,22,20,,1,1,1,23
2023/12/22,金,1,1,1,11,11,11,1,1,1,22,20,,1
2023/12/23,土,,,,,,,,,,,,,
2023/12/24,日,,,,,,,,,,,,,
2023/12/25,月,21,20,,1,1,1,11,11,11,1,1,1,
2023/12/26,火,1,1,1,2,22,,1,1,1,11,11,11,25
2023/12/27,水,,,21,,,20,,,22,,,2,24
2023/12/28,木,11,11,11,1,1,1,20,2,,1,1,1,2
2023/12/29,金,1,1,1,,,,1,1,1,,,,1
2023/12/30,土,,,,,,,,,,,,,
2023/12/31,日,,,,,,,,,,,,,
2024/1/1,月,,,,,,,,,,,,,
2024/1/2,火,,,,,,,,,,,,,
2024/1/3,水,,,,,,,,,,,,,
2024/1/4,木,11,11,11,1,1,1,2,21,,1,1,1,23
2024/1/5,金,1,1,1,11,11,11,1,1,1,2,21,,1
2024/1/6,土,,,,,,,,,,,,,
2024/1/7,日,,,,,,,,,,,,,
2024/1/8,月,22,21,,1,1,1,11,11,11,1,1,1,
2024/1/9,火,1,1,1,21,20,,1,1,1,11,11,11,25
2024/1/10,水,,,22,,,21,,,2,,,20,
2024/1/11,木,11,11,11,1,1,1,21,22,,1,1,1,20
2024/1/12,金,1,1,1,11,11,11,1,1,1,20,22,,1
2024/1/13,土,,,,,,,,,,,,,
2024/1/14,日,,,,,,,,,,,,,
2024/1/15,月,2,22,,1,1,1,11,11,11,1,1,1,
2024/1/16,火,1,1,1,22,2,,1,1,1,11,11,11,25
2024/1/17,水,,,2,,,22,,,20,,,21,
2024/1/18,木,11,11,11,1,1,1,22,20,,1,1,1,23
2024/1/19,金,1,1,1,11,11,11,1,1,1,21,2,,1
2024/1/20,土,,,,,,,,,,,,,
2024/1/21,日,,,,,,,,,,,,,
2024/1/22,月,20,2,,1,1,1,11,11,11,1,1,1,
2024/1/23,火,1,1,1,20,21,,1,1,1,11,11,11,25
2024/1/24,水,,,20,,,2,,,21,,,22,24
2024/1/25,木,11,11,11,1,1,1,20,2,,1,1,1,2
2024/1/26,金,1,1,1,11,11,11,1,1,1,22,20,,1
2024/1/27,土,,,,,,,,,,,,,
2024/1/28,日,,,,,,,,,,,,,
2024/1/29,月,21,20,,1,1,1,11,11,11,1,1,1,
2024/1/30,火,1,1,1,2,22,,1,1,1,11,11,11,25
2024/1/31,水,,,21,,,20,,,22,,,2,
2024/2/1,木,11,11,11,1,1,1,2,21,,1,1,1,23
2024/2/2,金,1,1,1,11,11,11,1,1,1,2,21,,1
2024/2/3,土,,,,,,,,,,,,,
2024/2/4,日,,,,,,,,,,,,,
2024/2/5,月,22,21,,1,1,1,11,11,11,1,1,1,
2024/2/6,火,1,1,1,21,20,,1,1,1,11,11,11,25
2024/2/7,水,,,22,,,21,,,2,,,20,
2024/2/8,木,11,11,11,1,1,1,21,22,,1,1,1,20
2024/2/9,金,1,1,1,11,11,11,1,1,1,20,22,,1
2024/2/10,土,,,,,,,,,,,,,
2024/2/11,日,,,,,,,,,,,,,
2024/2/12,月,,,,,,,,,,,,,
2024/2/13,火,1,1,1,22,2,,1,1,1,11,11,11,25
2024/2/14,水,,,2,,,22,,,20,,,21,
2024/2/15,木,11,11,11,1,1,1,22,20,,1,1,1,23
2024/2/16,金,1,1,1,11,11,11,1,1,1,21,2,,1
2024/2/17,土,,,,,,,,,,,,,
2024/2/18,日,,,,,,,,,,,,,
2024/2/19,月,2,22,,1,1,1,11,11,11,1,1,1,
2024/2/20,火,1,1,1,20,21,,1,1,1,11,11,11,25
2024/2/21,水,,,20,,,2,,,21,,,22,
2024/2/22,木,11,11,11,1,1,1,20,2,,1,1,1,2
2024/2/23,金,1,1,1,11,11,11,1,1,1,22,20,,1
2024/2/24,土,,,,,,,,,,,,,
2024/2/25,日,,,,,,,,,,,,,
2024/2/26,月,20,2,,1,1,1,11,11,11,1,1,1,
2024/2/27,火,1,1,1,2,22,,1,1,1,11,11,11,25
2024/2/28,水,,,21,,,20,,,22,,,2,24
2024/2/29,木,11,11,11,1,1,1,2,21,,1,1,1,
2024/3/1,金,1,1,1,11,11,11,1,1,1,2,21,,1
2024/3/2,土,,,,,,,,,,,,,
2024/3/3,日,,,,,,,,,,,,,
2024/3/4,月,21,20,,1,1,1,11,11,11,1,1,1,
2024/3/5,火,1,1,1,21,20,,1,1,1,11,11,11,25
2024/3/6,水,,,22,,,21,,,2,,,20,
2024/3/7,木,11,11,11,1,1,1,21,22,,1,1,1,23
2024/3/8,金,1,1,1,11,11,11,1,1,1,20,22,,1
2024/3/9,土,,,,,,,,,,,,,
2024/3/10,日,,,,,,,,,,,,,
2024/3/11,月,22,21,,1,1,1,11,11,11,1,1,1,
2024/3/12,火,1,1,1,22,2,,1,1,1,11,11,11,25
2024/3/13,水,,,2,,,22,,,20,,,21,
2024/3/14,木,11,11,11,1,1,1,22,20,,1,1,1,20
2024/3/15,金,1,1,1,11,11,11,1,1,1,21,2,,1
2024/3/16,土,,,,,,,,,,,,,
2024/3/17,日,,,,,,,,,,,,,
2024/3/18,月,2,22,,1,1,1,11,11,11,1,1,1,
2024/3/19,火,1,1,1,20,21,,1,1,1,11,11,11,25
2024/3/20,水,,,,,,,,,,,,,
2024/3/21,木,11,11,11,1,1,1,20,2,,1,1,1,23
2024/3/22,金,1,1,1,11,11,11,1,1,1,22,20,,1
2024/3/23,土,,,,,,,,,,,,,
2024/3/24,日,,,,,,,,,,,,,
2024/3/25,月,20,2,,1,1,1,11,11,11,1,1,1,
2024/3/26,火,1,1,1,2,22,,1,1,1,11,11,11,25
2024/3/27,水,,,20,,,2,,,21,,,22,24
2024/3/28,木,11,11,11,1,1,1,2,21,,1,1,1,2
2024/3/29,金,1,1,1,11,11,11,1,1,1,2,21,,1
2024/3/30,土,,,,,,,,,,,,,
2024/3/31,日,,,,,,,,,,,,,
2024/4/1,月,21,20,,1,1,1,11,11,11,1,1,1,
2024/4/2,火,1,1,1,21,20,,1,1,1,11,11,11,25
2024/4/3,水,,,21,,,20,,,22,,,2,
2024/4/4,木,11,11,11,1,1,1,21,22,,1,1,1,23
2024/4/5,金,1,1,1,11,11,11,1,1,1,20,22,,1
2024/4/6,土,,,,,,,,,,,,,
2024/4/7,日,,,,,,,,,,,,,
2024/4/8,月,22,21,,1,1,1,11,11,11,1,1,1,
2024/4/9,火,1,1,1,22,2,,1,1,1,11,11,11,25
2024/4/10,水,,,22,,,21,,,2,,,20,
2024/4/11,木,11,11,11,1,1,1,22,20,,1,1,1,20
2024/4/12,金,1,1,1,11,11,11,1,1,1,21,2,,1
2024/4/13,土,,,,,,,,,,,,,
2024/4/14,日,,,,,,,,,,,,,
2024/4/15,月,2,22,,1,1,1,11,11,11,1,1,1,
2024/4/16,火,1,1,1,20,21,,1,1,1,11,11,11,25
2024/4/17,水,,,2,,,22,,,20,,,21,
2024/4/18,木,11,11,11,1,1,1,20,2,,1,1,1,23
2024/4/19,金,1,1,1,11,11,11,1,1,1,22,20,,1
2024/4/20,土,,,,,,,,,,,,,
2024/4/21,日,,,,,,,,,,,,,
2024/4/22,月,20,2,,1,1,1,11,11,11,1,1,1,
2024/4/23,火,1,1,1,2,22,,1,1,1,11,11,11,25
2024/4/24,水,,,20,,,2,,,21,,,22,24
2024/4/25,木,11,11,11,1,1,1,2,21,,1,1,1,2
2024/4/26,金,1,1,1,11,11,11,1,1,1,2,21,,1
2024/4/27,土,,,,,,,,,,,,,
2024/4/28,日,,,,,,,,,,,,,
2024/4/29,月,21,20,,1,1,1,11,11,11,1,1,1,
2024/4/30,火,1,1,1,21,20,,1,1,1,11,11,11,25
2024/5/1,水,,,21,,,20,,,22,,,2,
2024/5/2,木,11,11,11,1,1,1,21,22,,1,1,1,
2024/5/3,金,,,,,,,,,,,,,
2024/5/4,土,,,,,,,,,,,,,
2024/5/5,日,,,,,,,,,,,,,
2024/5/6,月,,,,,,,,,,,,,
2024/5/7,火,1,1,1,22,2,,1,1,1,11,11,11,25
2024/5/8,水,,,22,,,21,,,2,,,20,
2024/5/9,木,11,11,11,1,1,1,22,20,,1,1,1,23
2024/5/10,金,1,1,1,11,11,11,1,1,1,20,22,,1
2024/5/11,土,,,,,,,,,,,,,
2024/5/12,日,,,,,,,,,,,,,
2024/5/13,月,22,21,,1,1,1,11,11,11,1,1,1,
2024/5/14,火,1,1,1,20,21,,1,1,1,11,11,11,25
2024/5/15,水,,,2,,,22,,,20,,,21,
2024/5/16,木,11,11,11,1,1,1,20,2,,1,1,1,20
2024/5/17,金,1,1,1,11,11,11,1,1,1,21,2,,1
2024/5/18,土,,,,,,,,,,,,,
2024/5/19,日,,,,,,,,,,,,,
2024/5/20,月,2,22,,1,1,1,11,11,11,1,1,1,
2024/5/21,火,1,1,1,2,22,,1,1,1,11,11,11,25
2024/5/22,水,,,20,,,2,,,21,,,22,24
2024/5/23,木,11,11,11,1,1,1,2,21,,1,1,1,23
2024/5/24,金,1,1,1,11,11,11,1,1,1,22,20,,1
2024/5/25,土,,,,,,,,,,,,,
2024/5/26,日,,,,,,,,,,,,,
2024/5/27,月,20,2,,1,1,1,11,11,11,1,1,1,
2024/5/28,火,1,1,1,21,20,,1,1,1,11,11,11,25
2024/5/29,水,,,21,,,20,,,22,,,2,
2024/5/30,木,11,11,11,1,1,1,21,22,,1,1,1,2
2024/5/31,金,1,1,1,11,11,11,1,1,1,2,21,,1
2024/6/1,土,,,,,,,,,,,,,
2024/6/2,日,,,,,,,,,,,,,
2024/6/3,月,21,20,,1,1,1,11,11,11,1,1,1,
2024/6/4,火,1,1,1,22,2,,1,1,1,11,11,11,25
2024/6/5,水,,,22,,,21,,,2,,,20,
2024/6/6,木,11,11,11,1,1,1,22,20,,1,1,1,23
2024/6/7,金,1,1,1,11,11,11,1,1,1,20,22,,1
2024/6/8,土,,,,,,,,,,,,,
2024/6/9,日,,,,,,,,,,,,,
2024/6/10,月,22,21,,1,1,1,11,11,11,1,1,1,
2024/6/11,火,1,1,1,20,21,,1,1,1,11,11,11,25
2024/6/12,水,,,2,,,22,,,20,,,21,
2024/6/13,木,11,11,11,1,1,1,20,2,,1,1,1,20
2024/6/14,金,1,1,1,11,11,11,1,1,1,21,2,,1
2024/6/15,土,,,,,,,,,,,,,
2024/6/16,日,,,,,,,,,,,,,
2024/6/17,月,2,22,,1,1,1,11,11,11,1,1,1,
2024/6/18,火,1,1,1,2,22,,1,1,1,11,11,11,25
2024/6/19,水,,,20,,,2,,,21,,,22,
2024/6/20,木,11,11,11,1,1,1,2,21,,1,1,1,23
2024/6/21,金,1,1,1,11,11,11,1,1,1,22,20,,1
2024/6/22,土,,,,,,,,,,,,,
2024/6/23,日,,,,,,,,,,,,,
2024/6/24,月,20,2,,1,1,1,11,11,11,1,1,1,
2024/6/25,火,1,1,1,21,20,,1,1,1,11,11,11,25
2024/6/26,水,,,21,,,20,,,22,,,2,24
2024/6/27,木,11,11,11,1,1,1,21,22,,1,1,1,2
2024/6/28,金,1,1,1,11,11,11,1,1,1,2,21,,1
2024/6/29,土,,,,,,,,,,,,,
2024/6/30,日,,,,,,,,,,,,,